{"detections": [ { “Temperature”:”98.6”, "FaceDetector": { "confidence": 0.9998735189437866, "image_id": 0.0, "label": 1, "position": [ 132, 41], "size": [ 222, 303 ] }, "LandmarksDetector": { "left_eye": [ 134, 147], "left_lip_corner": [136, 242], "nose_tip": [210,204],"right_eye": [ 300,145],"right_lip_corner": [ 307, 240]}, "PoseEstimator": { "ypr": [-3.50416898727417, 3.2856898307800293, -0.45209193229675293 ]}, “FrameTimestamp”:UTC Time}